ds,ts
2009-05-26,1.0
2009-05-27,1.0
2009-05-28,1.0
2009-05-29,1.0
2009-05-30,1.0
2009-05-31,1.0
2009-06-01,1.0
2009-06-02,1.0
2009-06-03,1.0
2009-06-04,1.0
2009-06-05,1.0
2009-06-06,1.0
2009-06-07,1.0
2009-06-08,1.0
2009-06-09,1.0
2009-06-10,1.0
2009-06-11,1.0
2009-06-12,1.0
2009-06-13,1.0
2009-06-14,1.0
2009-06-15,1.0
2009-06-16,1.0
2009-06-17,1.0
2009-06-18,1.0
2009-06-19,1.0
2009-06-20,1.0
2009-06-21,1.0
2009-06-22,1.0
2009-06-23,1.0
2009-06-24,1.0
2009-06-25,1.0
2009-06-26,1.0
2009-06-27,1.0
2009-06-28,1.0
2009-06-29,1.0
2009-06-30,1.0
2009-07-01,1.0
2009-07-02,1.0
2009-07-03,1.0
2009-07-04,1.0
2009-07-05,1.0
2009-07-06,1.0
2009-07-07,1.0
2009-07-08,1.0
2009-07-09,1.0
2009-07-10,1.0
2009-07-11,1.0
2009-07-12,1.0
2009-07-13,1.0
2009-07-14,1.0
2009-07-15,1.0
2009-07-16,1.0
2009-07-17,1.0
2009-07-18,1.0
2009-07-19,1.0
2009-07-20,1.0
2009-07-21,1.0
2009-07-22,1.0
2009-07-23,1.0
2009-07-24,1.0
2009-07-25,1.0
2009-07-26,1.0
2009-07-27,1.0
2009-07-28,1.0
2009-07-29,1.0
2009-07-30,1.0
2009-07-31,1.0
2009-08-01,1.0
2009-08-02,1.0
2009-08-03,1.0
2009-08-04,1.0
2009-08-05,1.0
2009-08-06,1.0
2009-08-07,1.0
2009-08-08,1.0
2009-08-09,1.0
2009-08-10,1.0
2009-08-11,1.0
2009-08-12,1.0
2009-08-13,1.0
2009-08-14,1.0
2009-08-15,1.0
2009-08-16,1.0
2009-08-17,1.0
2009-08-18,1.0
2009-08-19,1.0
2009-08-20,1.0
2009-08-21,1.0
2009-08-22,1.0
2009-08-23,1.0
2009-08-24,1.0
2009-08-25,1.0
2009-08-26,1.0
2009-08-27,1.0
2009-08-28,1.0
2009-08-29,1.0
2009-08-30,1.0
2009-08-31,1.0
2009-09-01,1.0
2009-09-02,1.0
2009-09-03,1.0
2009-09-04,1.0
2009-09-05,1.0
2009-09-06,1.0
2009-09-07,1.0
2009-09-08,1.0
2009-09-09,1.0
2009-09-10,1.0
2009-09-11,1.0
2009-09-12,1.0
2009-09-13,1.0
2009-09-14,1.0
2009-09-15,1.0
2009-09-16,1.0
2009-09-17,1.0
2009-09-18,1.0
2009-09-19,1.0
2009-09-20,1.0
2009-09-21,1.0
2009-09-22,1.0
2009-09-23,2.0
2009-09-24,1.0
2009-09-25,1.0
2009-09-26,1.0
2009-09-27,1.0
2009-09-28,1.0
2009-09-29,1.0
2009-09-30,1.0
2009-10-01,1.0
2009-10-02,1.0
2009-10-03,1.0
2009-10-04,1.0
2009-10-05,1.0
2009-10-06,1.0
2009-10-07,1.0
2009-10-08,1.0
2009-10-09,1.0
2009-10-10,1.0
2009-10-11,1.0
2009-10-12,1.0
2009-10-13,1.0
2009-10-14,1.0
2009-10-15,1.0
2009-10-16,1.0
2009-10-17,1.0
2009-10-18,1.0
2009-10-19,1.0
2009-10-20,2.0
2009-10-21,1.0
2009-10-22,1.0
2009-10-23,1.0
2009-10-24,1.0
2009-10-25,1.0
2009-10-26,1.0
2009-10-27,1.0
2009-10-28,1.0
2009-10-29,1.0
2009-10-30,1.0
2009-10-31,1.0
2009-11-01,1.0
2009-11-02,1.0
2009-11-03,1.0
2009-11-04,1.0
2009-11-05,1.0
2009-11-06,1.0
2009-11-07,1.0
2009-11-08,1.0
2009-11-09,1.0
2009-11-10,1.0
2009-11-11,1.0
2009-11-12,1.0
2009-11-13,1.0
2009-11-14,1.0
2009-11-15,1.0
2009-11-16,1.0
2009-11-17,1.0
2009-11-18,1.0
2009-11-19,1.0
2009-11-20,1.0
2009-11-21,1.0
2009-11-22,1.0
2009-11-23,1.0
2009-11-24,2.0
2009-11-25,1.0
2009-11-26,1.0
2009-11-27,1.0
2009-11-28,1.0
2009-11-29,1.0
2009-11-30,1.0
2009-12-01,1.0
2009-12-02,1.0
2009-12-03,1.0
2009-12-04,1.0
2009-12-05,1.0
2009-12-06,1.0
2009-12-07,1.0
2009-12-08,1.0
2009-12-09,1.0
2009-12-10,1.0
2009-12-11,1.0
2009-12-12,1.0
2009-12-13,1.0
2009-12-14,1.0
2009-12-15,1.0
2009-12-16,1.0
2009-12-17,1.0
2009-12-18,1.0
2009-12-19,1.0
2009-12-20,1.0
2009-12-21,1.0
2009-12-22,1.0
2009-12-23,1.0
2009-12-24,1.0
2009-12-25,1.0
2009-12-26,1.0
2009-12-27,1.0
2009-12-28,1.0
2009-12-29,1.0
2009-12-30,1.0
2009-12-31,1.0
2010-01-01,1.0
2010-01-02,1.0
2010-01-03,1.0
2010-01-04,1.0
2010-01-05,1.0
2010-01-06,1.0
2010-01-07,1.0
2010-01-08,1.0
2010-01-09,2.0
2010-01-10,1.0
2010-01-11,1.0
2010-01-12,1.0
2010-01-13,1.0
2010-01-14,1.0
2010-01-15,1.0
2010-01-16,1.0
2010-01-17,1.0
2010-01-18,1.0
2010-01-19,1.0
2010-01-20,1.0
2010-01-21,1.0
2010-01-22,1.0
2010-01-23,2.0
2010-01-24,1.0
2010-01-25,1.0
2010-01-26,1.0
2010-01-27,1.0
2010-01-28,1.0
2010-01-29,1.0
2010-01-30,1.0
2010-01-31,1.0
2010-02-01,1.0
2010-02-02,1.0
2010-02-03,1.0
2010-02-04,2.0
2010-02-05,1.0
2010-02-06,1.0
2010-02-07,1.0
2010-02-08,1.0
2010-02-09,1.0
2010-02-10,1.0
2010-02-11,1.0
2010-02-12,1.0
2010-02-13,1.0
2010-02-14,2.0
2010-02-15,1.0
2010-02-16,1.0
2010-02-17,1.0
2010-02-18,1.0
2010-02-19,1.0
2010-02-20,1.0
2010-02-21,1.0
2010-02-22,1.0
2010-02-23,1.0
2010-02-24,1.0
2010-02-25,1.0
2010-02-26,1.0
2010-02-27,1.0
2010-02-28,1.0
2010-03-01,1.0
2010-03-02,1.0
2010-03-03,1.0
2010-03-04,1.0
2010-03-05,1.0
2010-03-06,2.0
2010-03-07,1.0
2010-03-08,1.0
2010-03-09,1.0
2010-03-10,1.0
2010-03-11,1.0
2010-03-12,1.0
2010-03-13,1.0
2010-03-14,1.0
2010-03-15,1.0
2010-03-16,1.0
2010-03-17,1.0
2010-03-18,1.0
2010-03-19,2.0
2010-03-20,1.0
2010-03-21,3.0
2010-03-22,1.0
2010-03-23,1.0
2010-03-24,1.0
2010-03-25,2.0
2010-03-26,1.0
2010-03-27,1.0
2010-03-28,3.0
2010-03-29,1.0
2010-03-30,1.0
2010-03-31,1.0
2010-04-01,1.0
2010-04-02,1.0
2010-04-03,3.0
2010-04-04,4.0
2010-04-05,1.0
2010-04-06,1.0
2010-04-07,1.0
2010-04-08,2.0
2010-04-09,1.0
2010-04-10,1.0
2010-04-11,2.0
2010-04-12,1.0
2010-04-13,1.0
2010-04-14,1.0
2010-04-15,1.0
2010-04-16,2.0
2010-04-17,1.0
2010-04-18,1.0
2010-04-19,1.0
2010-04-20,2.0
2010-04-21,1.0
2010-04-22,1.0
2010-04-23,1.0
2010-04-24,1.0
2010-04-25,1.0
2010-04-26,2.0
2010-04-27,1.0
2010-04-28,1.0
2010-04-29,1.0
2010-04-30,1.0
2010-05-01,1.0
2010-05-02,1.0
2010-05-03,1.0
2010-05-04,1.0
2010-05-05,1.0
2010-05-06,2.0
2010-05-07,1.0
2010-05-08,1.0
2010-05-09,1.0
2010-05-10,1.0
2010-05-11,1.0
2010-05-12,2.0
2010-05-13,1.0
2010-05-14,1.0
2010-05-15,1.0
2010-05-16,1.0
2010-05-17,1.0
2010-05-18,1.0
2010-05-19,1.0
2010-05-20,1.0
2010-05-21,1.0
2010-05-22,3.0
2010-05-23,1.0
2010-05-24,1.0
2010-05-25,1.0
2010-05-26,1.0
2010-05-27,1.0
2010-05-28,2.0
2010-05-29,2.0
2010-05-30,1.0
2010-05-31,3.0
2010-06-01,3.0
2010-06-02,1.0
2010-06-03,1.0
2010-06-04,1.0
2010-06-05,1.0
2010-06-06,4.0
2010-06-07,1.0
2010-06-08,1.0
2010-06-09,1.0
2010-06-10,2.0
2010-06-11,5.0
2010-06-12,1.0
2010-06-13,1.0
2010-06-14,1.0
2010-06-15,1.0
2010-06-16,1.0
2010-06-17,1.0
2010-06-18,2.0
2010-06-19,1.0
2010-06-20,1.0
2010-06-21,1.0
2010-06-22,1.0
2010-06-23,1.0
2010-06-24,1.0
2010-06-25,2.0
2010-06-26,1.0
2010-06-27,1.0
2010-06-28,2.0
2010-06-29,1.0
2010-06-30,1.0
2010-07-01,1.0
2010-07-02,1.0
2010-07-03,2.0
2010-07-04,1.0
2010-07-05,1.0
2010-07-06,1.0
2010-07-07,1.0
2010-07-08,1.0
2010-07-09,1.0
2010-07-10,2.0
2010-07-11,2.0
2010-07-12,2.0
2010-07-13,1.0
2010-07-14,2.0
2010-07-15,2.0
2010-07-16,2.0
2010-07-17,1.0
2010-07-18,2.0
2010-07-19,2.0
2010-07-20,1.0
2010-07-21,1.0
2010-07-22,1.0
2010-07-23,2.0
2010-07-24,1.0
2010-07-25,1.0
2010-07-26,3.0
2010-07-27,1.0
2010-07-28,1.0
2010-07-29,1.0
2010-07-30,2.0
2010-07-31,1.0
2010-08-01,1.0
2010-08-02,1.0
2010-08-03,1.0
2010-08-04,1.0
2010-08-05,2.0
2010-08-06,1.0
2010-08-07,1.0
2010-08-08,1.0
2010-08-09,3.0
2010-08-10,1.0
2010-08-11,1.0
2010-08-12,1.0
2010-08-13,1.0
2010-08-14,1.0
2010-08-15,2.0
2010-08-16,3.0
2010-08-17,4.0
2010-08-18,1.0
2010-08-19,2.0
2010-08-20,1.0
2010-08-21,1.0
2010-08-22,1.0
2010-08-23,3.0
2010-08-24,3.0
2010-08-25,1.0
2010-08-26,3.0
2010-08-27,2.0
2010-08-28,3.0
2010-08-29,1.0
2010-08-30,3.0
2010-08-31,2.0
2010-09-01,4.0
2010-09-02,1.0
2010-09-03,1.0
2010-09-04,1.0
2010-09-05,3.0
2010-09-06,2.0
2010-09-07,5.0
2010-09-08,1.0
2010-09-09,2.0
2010-09-10,1.0
2010-09-11,2.0
2010-09-12,1.0
2010-09-13,2.0
2010-09-14,1.0
2010-09-15,1.0
2010-09-16,2.0
2010-09-17,2.0
2010-09-18,2.0
2010-09-19,1.0
2010-09-20,5.0
2010-09-21,4.0
2010-09-22,1.0
2010-09-23,2.0
2010-09-24,1.0
2010-09-25,4.0
2010-09-26,2.0
2010-09-27,3.0
2010-09-28,5.0
2010-09-29,1.0
2010-09-30,3.0
2010-10-01,1.0
2010-10-02,1.0
2010-10-03,3.0
2010-10-04,1.0
2010-10-05,3.0
2010-10-06,1.0
2010-10-07,1.0
2010-10-08,1.0
2010-10-09,3.0
2010-10-10,2.0
2010-10-11,3.0
2010-10-12,3.0
2010-10-13,1.0
2010-10-14,2.0
2010-10-15,1.0
2010-10-16,1.0
2010-10-17,1.0
2010-10-18,3.0
2010-10-19,1.0
2010-10-20,1.0
2010-10-21,3.0
2010-10-22,1.0
2010-10-23,1.0
2010-10-24,4.0
2010-10-25,4.0
2010-10-26,1.0
2010-10-27,1.0
2010-10-28,4.0
2010-10-29,2.0
2010-10-30,1.0
2010-10-31,1.0
2010-11-01,3.0
2010-11-02,1.0
2010-11-03,2.0
2010-11-04,1.0
2010-11-05,3.0
2010-11-06,2.0
2010-11-07,2.0
2010-11-08,5.0
2010-11-09,1.0
2010-11-10,1.0
2010-11-11,3.0
2010-11-12,2.0
2010-11-13,3.0
2010-11-14,1.0
2010-11-15,5.0
2010-11-16,3.0
2010-11-17,1.0
2010-11-18,4.0
2010-11-19,1.0
2010-11-20,2.0
2010-11-21,2.0
2010-11-22,3.0
2010-11-23,1.0
2010-11-24,1.0
2010-11-25,1.0
2010-11-26,1.0
2010-11-27,3.0
2010-11-28,1.0
2010-11-29,3.0
2010-11-30,1.0
2010-12-01,3.0
2010-12-02,1.0
2010-12-03,1.0
2010-12-04,1.0
2010-12-05,3.0
2010-12-06,2.0
2010-12-07,1.0
2010-12-08,2.0
2010-12-09,1.0
2010-12-10,2.0
2010-12-11,1.0
2010-12-12,2.0
2010-12-13,1.0
2010-12-14,2.0
2010-12-15,2.0
2010-12-16,1.0
2010-12-17,1.0
2010-12-18,1.0
2010-12-19,2.0
2010-12-20,1.0
2010-12-21,2.0
2010-12-22,1.0
2010-12-23,1.0
2010-12-24,2.0
2010-12-25,1.0
2010-12-26,1.0
2010-12-27,1.0
2010-12-28,1.0
2010-12-29,2.0
2010-12-30,1.0
2010-12-31,1.0
2011-01-01,1.0
2011-01-02,5.0
2011-01-03,5.0
2011-01-04,4.0
2011-01-05,2.0
2011-01-06,1.0
2011-01-07,2.0
2011-01-08,1.0
2011-01-09,3.0
2011-01-10,5.0
2011-01-11,1.0
2011-01-12,1.0
2011-01-13,1.0
2011-01-14,3.0
2011-01-15,1.0
2011-01-16,1.0
2011-01-17,7.0
2011-01-18,4.0
2011-01-19,1.0
2011-01-20,1.0
2011-01-21,1.0
2011-01-22,4.0
2011-01-23,2.0
2011-01-24,1.0
2011-01-25,2.0
2011-01-26,3.0
2011-01-27,1.0
2011-01-28,5.0
2011-01-29,1.0
2011-01-30,3.0
2011-01-31,2.0
2011-02-01,5.0
2011-02-02,1.0
2011-02-03,3.0
2011-02-04,4.0
2011-02-05,4.0
2011-02-06,2.0
2011-02-07,3.0
2011-02-08,2.0
2011-02-09,1.0
2011-02-10,2.0
2011-02-11,2.0
2011-02-12,2.0
2011-02-13,2.0
2011-02-14,3.0
2011-02-15,5.0
2011-02-16,1.0
2011-02-17,1.0
2011-02-18,3.0
2011-02-19,3.0
2011-02-20,3.0
2011-02-21,9.0
2011-02-22,4.0
2011-02-23,3.0
2011-02-24,4.0
2011-02-25,2.0
2011-02-26,2.0
2011-02-27,2.0
2011-02-28,3.0
2011-03-01,5.0
2011-03-02,3.0
2011-03-03,3.0
2011-03-04,2.0
2011-03-05,4.0
2011-03-06,1.0
2011-03-07,6.0
2011-03-08,1.0
2011-03-09,8.0
2011-03-10,1.0
2011-03-11,1.0
2011-03-12,3.0
2011-03-13,2.0
2011-03-14,13.0
2011-03-15,4.0
2011-03-16,3.0
2011-03-17,4.0
2011-03-18,1.0
2011-03-19,3.0
2011-03-20,4.0
2011-03-21,6.0
2011-03-22,5.0
2011-03-23,1.0
2011-03-24,2.0
2011-03-25,2.0
2011-03-26,1.0
2011-03-27,1.0
2011-03-28,10.0
2011-03-29,2.0
2011-03-30,2.0
2011-03-31,1.0
2011-04-01,3.0
2011-04-02,3.0
2011-04-03,3.0
2011-04-04,9.0
2011-04-05,4.0
2011-04-06,7.0
2011-04-07,4.0
2011-04-08,1.0
2011-04-09,3.0
2011-04-10,5.0
2011-04-11,4.0
2011-04-12,6.0
2011-04-13,4.0
2011-04-14,5.0
2011-04-15,1.0
2011-04-16,8.0
2011-04-17,2.0
2011-04-18,4.0
2011-04-19,7.0
2011-04-20,7.0
2011-04-21,7.0
2011-04-22,5.0
2011-04-23,7.0
2011-04-24,6.0
2011-04-25,5.0
2011-04-26,3.0
2011-04-27,6.0
2011-04-28,2.0
2011-04-29,6.0
2011-04-30,3.0
2011-05-01,10.0
2011-05-02,8.0
2011-05-03,7.0
2011-05-04,5.0
2011-05-05,7.0
2011-05-06,5.0
2011-05-07,7.0
2011-05-08,7.0
2011-05-09,2.0
2011-05-10,4.0
2011-05-11,5.0
2011-05-12,5.0
2011-05-13,5.0
2011-05-14,4.0
2011-05-15,5.0
2011-05-16,12.0
2011-05-17,7.0
2011-05-18,5.0
2011-05-19,4.0
2011-05-20,4.0
2011-05-21,8.0
2011-05-22,3.0
2011-05-23,10.0
2011-05-24,9.0
2011-05-25,3.0
2011-05-26,6.0
2011-05-27,2.0
2011-05-28,8.0
2011-05-29,2.0
2011-05-30,2.0
2011-05-31,10.0
2011-06-01,6.0
2011-06-02,7.0
2011-06-03,6.0
2011-06-04,10.0
2011-06-05,5.0
2011-06-06,10.0
2011-06-07,6.0
2011-06-08,2.0
2011-06-09,8.0
2011-06-10,4.0
2011-06-11,8.0
2011-06-12,12.0
2011-06-13,9.0
2011-06-14,9.0
2011-06-15,6.0
2011-06-16,7.0
2011-06-17,4.0
2011-06-18,4.0
2011-06-19,6.0
2011-06-20,8.0
2011-06-21,8.0
2011-06-22,7.0
2011-06-23,3.0
2011-06-24,1.0
2011-06-25,6.0
2011-06-26,9.0
2011-06-27,14.0
2011-06-28,7.0
2011-06-29,4.0
2011-06-30,6.0
2011-07-01,10.0
2011-07-02,8.0
2011-07-03,5.0
2011-07-04,9.0
2011-07-05,9.0
2011-07-06,10.0
2011-07-07,6.0
2011-07-08,8.0
2011-07-09,7.0
2011-07-10,6.0
2011-07-11,6.0
2011-07-12,10.0
2011-07-13,7.0
2011-07-14,8.0
2011-07-15,3.0
2011-07-16,5.0
2011-07-17,5.0
2011-07-18,1.0
2011-07-19,7.0
2011-07-20,6.0
2011-07-21,8.0
2011-07-22,7.0
2011-07-23,7.0
2011-07-24,11.0
2011-07-25,9.0
2011-07-26,11.0
2011-07-27,9.0
2011-07-28,14.0
2011-07-29,5.0
2011-07-30,8.0
2011-07-31,9.0
2011-08-01,19.0
2011-08-02,6.0
2011-08-03,7.0
2011-08-04,2.0
2011-08-05,6.0
2011-08-06,9.0
2011-08-07,10.0
2011-08-08,10.0
2011-08-09,15.0
2011-08-10,9.0
2011-08-11,8.0
2011-08-12,6.0
2011-08-13,4.0
2011-08-14,13.0
2011-08-15,15.0
2011-08-16,14.0
2011-08-17,11.0
2011-08-18,6.0
2011-08-19,12.0
2011-08-20,9.0
2011-08-21,4.0
2011-08-22,14.0
2011-08-23,13.0
2011-08-24,2.0
2011-08-25,12.0
2011-08-26,9.0
2011-08-27,6.0
2011-08-28,6.0
2011-08-29,7.0
2011-08-30,19.0
2011-08-31,7.0
2011-09-01,12.0
2011-09-02,6.0
2011-09-03,9.0
2011-09-04,7.0
2011-09-05,11.0
2011-09-06,11.0
2011-09-07,9.0
2011-09-08,10.0
2011-09-09,3.0
2011-09-10,6.0
2011-09-11,6.0
2011-09-12,11.0
2011-09-13,10.0
2011-09-14,5.0
2011-09-15,10.0
2011-09-16,10.0
2011-09-17,6.0
2011-09-18,5.0
2011-09-19,13.0
2011-09-20,10.0
2011-09-21,8.0
2011-09-22,10.0
2011-09-23,4.0
2011-09-24,9.0
2011-09-25,6.0
2011-09-26,15.0
2011-09-27,10.0
2011-09-28,9.0
2011-09-29,6.0
2011-09-30,4.0
2011-10-01,13.0
2011-10-02,8.0
2011-10-03,12.0
2011-10-04,6.0
2011-10-05,6.0
2011-10-06,6.0
2011-10-07,4.0
2011-10-08,12.0
2011-10-09,6.0
2011-10-10,8.0
2011-10-11,10.0
2011-10-12,6.0
2011-10-13,3.0
2011-10-14,4.0
2011-10-15,1.0
2011-10-16,6.0
2011-10-17,12.0
2011-10-18,12.0
2011-10-19,4.0
2011-10-20,3.0
2011-10-21,7.0
2011-10-22,7.0
2011-10-23,5.0
2011-10-24,9.0
2011-10-25,10.0
2011-10-26,6.0
2011-10-27,5.0
2011-10-28,6.0
2011-10-29,12.0
2011-10-30,2.0
2011-10-31,1.0
2011-11-01,24.0
2011-11-02,8.0
2011-11-03,10.0
2011-11-04,7.0
2011-11-05,4.0
2011-11-06,3.0
2011-11-07,12.0
2011-11-08,10.0
2011-11-09,4.0
2011-11-10,9.0
2011-11-11,4.0
2011-11-12,7.0
2011-11-13,10.0
2011-11-14,12.0
2011-11-15,7.0
2011-11-16,5.0
2011-11-17,7.0
2011-11-18,9.0
2011-11-19,6.0
2011-11-20,4.0
2011-11-21,6.0
2011-11-22,12.0
2011-11-23,4.0
2011-11-24,4.0
2011-11-25,4.0
2011-11-26,7.0
2011-11-27,9.0
2011-11-28,5.0
2011-11-29,4.0
2011-11-30,3.0
2011-12-01,5.0
2011-12-02,4.0
2011-12-03,3.0
2011-12-04,2.0
2011-12-05,5.0
2011-12-06,5.0
2011-12-07,6.0
2011-12-08,6.0
2011-12-09,2.0
2011-12-10,6.0
2011-12-11,4.0
2011-12-12,8.0
2011-12-13,5.0
2011-12-14,8.0
2011-12-15,2.0
2011-12-16,4.0
2011-12-17,8.0
2011-12-18,7.0
2011-12-19,7.0
2011-12-20,4.0
2011-12-21,4.0
2011-12-22,7.0
2011-12-23,6.0
2011-12-24,9.0
2011-12-25,3.0
2011-12-26,5.0
2011-12-27,8.0
2011-12-28,6.0
2011-12-29,10.0
2011-12-30,7.0
2011-12-31,7.0
2012-01-01,6.0
2012-01-02,16.0
2012-01-03,16.0
2012-01-04,12.0
2012-01-05,1.0
2012-01-06,18.0
2012-01-07,7.0
2012-01-08,11.0
2012-01-09,6.0
2012-01-10,11.0
2012-01-11,3.0
2012-01-12,6.0
2012-01-13,6.0
2012-01-14,3.0
2012-01-15,13.0
2012-01-16,12.0
2012-01-17,16.0
2012-01-18,5.0
2012-01-19,8.0
2012-01-20,5.0
2012-01-21,10.0
2012-01-22,3.0
2012-01-23,16.0
2012-01-24,11.0
2012-01-25,6.0
2012-01-26,9.0
2012-01-27,7.0
2012-01-28,2.0
2012-01-29,14.0
2012-01-30,13.0
2012-01-31,5.0
2012-02-01,9.0
2012-02-02,5.0
2012-02-03,4.0
2012-02-04,6.0
2012-02-05,4.0
2012-02-06,6.0
2012-02-07,8.0
2012-02-08,6.0
2012-02-09,4.0
2012-02-10,6.0
2012-02-11,8.0
2012-02-12,7.0
2012-02-13,9.0
2012-02-14,13.0
2012-02-15,7.0
2012-02-16,7.0
2012-02-17,8.0
2012-02-18,7.0
2012-02-19,10.0
2012-02-20,11.0
2012-02-21,12.0
2012-02-22,9.0
2012-02-23,6.0
2012-02-24,7.0
2012-02-25,1.0
2012-02-26,11.0
2012-02-27,24.0
2012-02-28,22.0
2012-02-29,3.0
2012-03-01,10.0
2012-03-02,11.0
2012-03-03,6.0
2012-03-04,11.0
2012-03-05,19.0
2012-03-06,8.0
2012-03-07,19.0
2012-03-08,3.0
2012-03-09,8.0
2012-03-10,7.0
2012-03-11,11.0
2012-03-12,11.0
2012-03-13,12.0
2012-03-14,7.0
2012-03-15,11.0
2012-03-16,1.0
2012-03-17,22.0
2012-03-18,14.0
2012-03-19,14.0
2012-03-20,14.0
2012-03-21,12.0
2012-03-22,9.0
2012-03-23,10.0
2012-03-24,8.0
2012-03-25,9.0
2012-03-26,15.0
2012-03-27,15.0
2012-03-28,12.0
2012-03-29,12.0
2012-03-30,4.0
2012-03-31,7.0
2012-04-01,19.0
2012-04-02,15.0
2012-04-03,17.0
2012-04-04,12.0
2012-04-05,6.0
2012-04-06,5.0
2012-04-07,9.0
2012-04-08,8.0
2012-04-09,10.0
2012-04-10,4.0
2012-04-11,1.0
2012-04-12,26.0
2012-04-13,17.0
2012-04-14,10.0
2012-04-15,8.0
2012-04-16,12.0
2012-04-17,15.0
2012-04-18,15.0
2012-04-19,6.0
2012-04-20,16.0
2012-04-21,19.0
2012-04-22,15.0
2012-04-23,25.0
2012-04-24,6.0
2012-04-25,23.0
2012-04-26,12.0
2012-04-27,8.0
2012-04-28,15.0
2012-04-29,10.0
2012-04-30,19.0
2012-05-01,19.0
2012-05-02,12.0
2012-05-03,10.0
2012-05-04,9.0
2012-05-05,7.0
2012-05-06,13.0
2012-05-07,17.0
2012-05-08,11.0
2012-05-09,16.0
2012-05-10,9.0
2012-05-11,7.0
2012-05-12,12.0
2012-05-13,8.0
2012-05-14,20.0
2012-05-15,13.0
2012-05-16,9.0
2012-05-17,11.0
2012-05-18,10.0
2012-05-19,13.0
2012-05-20,16.0
2012-05-21,20.0
2012-05-22,25.0
2012-05-23,16.0
2012-05-24,16.0
2012-05-25,10.0
2012-05-26,10.0
2012-05-27,14.0
2012-05-28,20.0
2012-05-29,17.0
2012-05-30,20.0
2012-05-31,10.0
2012-06-01,9.0
2012-06-02,16.0
2012-06-03,11.0
2012-06-04,20.0
2012-06-05,9.0
2012-06-06,15.0
2012-06-07,13.0
2012-06-08,14.0
2012-06-09,28.0
2012-06-10,10.0
2012-06-11,28.0
2012-06-12,15.0
2012-06-13,14.0
2012-06-14,13.0
2012-06-15,13.0
2012-06-16,23.0
2012-06-17,13.0
2012-06-18,27.0
2012-06-19,19.0
2012-06-20,14.0
2012-06-21,10.0
2012-06-22,14.0
2012-06-23,19.0
2012-06-24,17.0
2012-06-25,24.0
2012-06-26,16.0
2012-06-27,9.0
2012-06-28,19.0
2012-06-29,17.0
2012-06-30,7.0
2012-07-01,19.0
2012-07-02,20.0
2012-07-03,24.0
2012-07-04,11.0
2012-07-05,11.0
2012-07-06,18.0
2012-07-07,17.0
2012-07-08,27.0
2012-07-09,23.0
2012-07-10,16.0
2012-07-11,15.0
2012-07-12,13.0
2012-07-13,13.0
2012-07-14,16.0
2012-07-15,19.0
2012-07-16,27.0
2012-07-17,24.0
2012-07-18,16.0
2012-07-19,22.0
2012-07-20,14.0
2012-07-21,17.0
2012-07-22,18.0
2012-07-23,29.0
2012-07-24,18.0
2012-07-25,16.0
2012-07-26,20.0
2012-07-27,13.0
2012-07-28,20.0
2012-07-29,20.0
2012-07-30,28.0
2012-07-31,27.0
2012-08-01,23.0
2012-08-02,19.0
2012-08-03,21.0
2012-08-04,14.0
2012-08-05,13.0
2012-08-06,26.0
2012-08-07,23.0
2012-08-08,22.0
2012-08-09,24.0
2012-08-10,24.0
2012-08-11,21.0
2012-08-12,29.0
2012-08-13,28.0
2012-08-14,28.0
2012-08-15,18.0
2012-08-16,29.0
2012-08-17,24.0
2012-08-18,24.0
2012-08-19,22.0
2012-08-20,39.0
2012-08-21,17.0
2012-08-22,16.0
2012-08-23,24.0
2012-08-24,22.0
2012-08-25,13.0
2012-08-26,19.0
2012-08-27,28.0
2012-08-28,25.0
2012-08-29,15.0
2012-08-30,25.0
2012-08-31,19.0
2012-09-01,24.0
2012-09-02,17.0
2012-09-03,25.0
2012-09-04,37.0
2012-09-05,17.0
2012-09-06,17.0
2012-09-07,12.0
2012-09-08,17.0
2012-09-09,20.0
2012-09-10,26.0
2012-09-11,15.0
2012-09-12,5.0
2012-09-13,6.0
2012-09-14,41.0
2012-09-15,4.0
2012-09-16,3.0
2012-09-17,53.0
2012-09-18,22.0
2012-09-19,27.0
2012-09-20,7.0
2012-09-21,17.0
2012-09-22,19.0
2012-09-23,16.0
2012-09-24,29.0
2012-09-25,22.0
2012-09-26,22.0
2012-09-27,13.0
2012-09-28,21.0
2012-09-29,21.0
2012-09-30,10.0
2012-10-01,47.0
2012-10-02,17.0
2012-10-03,16.0
2012-10-04,21.0
2012-10-05,10.0
2012-10-06,18.0
2012-10-07,11.0
2012-10-08,33.0
2012-10-09,22.0
2012-10-10,15.0
2012-10-11,14.0
2012-10-12,20.0
2012-10-13,10.0
2012-10-14,19.0
2012-10-15,28.0
2012-10-16,22.0
2012-10-17,11.0
2012-10-18,20.0
2012-10-19,17.0
2012-10-20,17.0
2012-10-21,24.0
2012-10-22,24.0
2012-10-23,4.0
2012-10-24,41.0
2012-10-25,15.0
2012-10-26,20.0
2012-10-27,15.0
2012-10-28,21.0
2012-10-29,34.0
2012-10-30,24.0
2012-10-31,9.0
2012-11-01,17.0
2012-11-02,20.0
2012-11-03,16.0
2012-11-04,22.0
2012-11-05,41.0
2012-11-06,3.0
2012-11-07,41.0
2012-11-08,21.0
2012-11-09,24.0
2012-11-10,14.0
2012-11-11,21.0
2012-11-12,31.0
2012-11-13,30.0
2012-11-14,6.0
2012-11-15,25.0
2012-11-16,21.0
2012-11-17,9.0
2012-11-18,20.0
2012-11-19,27.0
2012-11-20,17.0
2012-11-21,14.0
2012-11-22,15.0
2012-11-23,8.0
2012-11-24,20.0
2012-11-25,23.0
2012-11-26,38.0
2012-11-27,16.0
2012-11-28,8.0
2012-11-29,11.0
2012-11-30,7.0
2012-12-01,21.0
2012-12-02,12.0
2012-12-03,20.0
2012-12-04,20.0
2012-12-05,12.0
2012-12-06,11.0
2012-12-07,1.0
2012-12-08,29.0
2012-12-09,12.0
2012-12-10,1.0
2012-12-11,38.0
2012-12-12,13.0
2012-12-13,11.0
2012-12-14,11.0
2012-12-15,16.0
2012-12-16,12.0
2012-12-17,13.0
2012-12-18,21.0
2012-12-19,16.0
2012-12-20,16.0
2012-12-21,12.0
2012-12-22,9.0
2012-12-23,17.0
2012-12-24,15.0
2012-12-25,9.0
2012-12-26,12.0
2012-12-27,22.0
2012-12-28,19.0
2012-12-29,18.0
2012-12-30,17.0
2012-12-31,34.0
2013-01-01,24.0
2013-01-02,40.0
2013-01-03,49.0
2013-01-04,22.0
2013-01-05,26.0
2013-01-06,22.0
2013-01-07,16.0
2013-01-08,19.0
2013-01-09,7.0
2013-01-10,16.0
2013-01-11,15.0
2013-01-12,18.0
2013-01-13,17.0
2013-01-14,34.0
2013-01-15,22.0
2013-01-16,11.0
2013-01-17,14.0
2013-01-18,14.0
2013-01-19,22.0
2013-01-20,16.0
2013-01-21,34.0
2013-01-22,26.0
2013-01-23,19.0
2013-01-24,18.0
2013-01-25,12.0
2013-01-26,26.0
2013-01-27,14.0
2013-01-28,28.0
2013-01-29,24.0
2013-01-30,16.0
2013-01-31,11.0
2013-02-01,22.0
2013-02-02,20.0
2013-02-03,21.0
2013-02-04,28.0
2013-02-05,27.0
2013-02-06,18.0
2013-02-07,16.0
2013-02-08,15.0
2013-02-09,15.0
2013-02-10,19.0
2013-02-11,40.0
2013-02-12,25.0
2013-02-13,17.0
2013-02-14,22.0
2013-02-15,11.0
2013-02-16,24.0
2013-02-17,21.0
2013-02-18,33.0
2013-02-19,36.0
2013-02-20,19.0
2013-02-21,1.0
2013-02-22,29.0
2013-02-23,1.0
2013-02-24,1.0
2013-02-25,1.0
2013-02-26,111.0
2013-02-27,19.0
2013-02-28,16.0
2013-03-01,28.0
2013-03-02,28.0
2013-03-03,24.0
2013-03-04,35.0
2013-03-05,32.0
2013-03-06,19.0
2013-03-07,26.0
2013-03-08,24.0
2013-03-09,23.0
2013-03-10,27.0
2013-03-11,46.0
2013-03-12,26.0
2013-03-13,31.0
2013-03-14,32.0
2013-03-15,26.0
2013-03-16,32.0
2013-03-17,23.0
2013-03-18,36.0
2013-03-19,38.0
2013-03-20,17.0
2013-03-21,17.0
2013-03-22,13.0
2013-03-23,30.0
2013-03-24,20.0
2013-03-25,40.0
2013-03-26,32.0
2013-03-27,21.0
2013-03-28,32.0
2013-03-29,24.0
2013-03-30,30.0
2013-03-31,32.0
2013-04-01,53.0
2013-04-02,43.0
2013-04-03,27.0
2013-04-04,12.0
2013-04-05,22.0
2013-04-06,23.0
2013-04-07,25.0
2013-04-08,53.0
2013-04-09,37.0
2013-04-10,19.0
2013-04-11,24.0
2013-04-12,39.0
2013-04-13,29.0
2013-04-14,36.0
2013-04-15,58.0
2013-04-16,39.0
2013-04-17,17.0
2013-04-18,25.0
2013-04-19,41.0
2013-04-20,41.0
2013-04-21,26.0
2013-04-22,54.0
2013-04-23,43.0
2013-04-24,20.0
2013-04-25,30.0
2013-04-26,22.0
2013-04-27,31.0
2013-04-28,31.0
2013-04-29,38.0
2013-04-30,36.0
2013-05-01,34.0
2013-05-02,27.0
2013-05-03,20.0
2013-05-04,22.0
2013-05-05,38.0
2013-05-06,35.0
2013-05-07,40.0
2013-05-08,23.0
2013-05-09,31.0
2013-05-10,31.0
2013-05-11,33.0
2013-05-12,25.0
2013-05-13,53.0
2013-05-14,43.0
2013-05-15,23.0
2013-05-16,22.0
2013-05-17,22.0
2013-05-18,38.0
2013-05-19,34.0
2013-05-20,57.0
2013-05-21,46.0
2013-05-22,30.0
2013-05-23,38.0
2013-05-24,20.0
2013-05-25,34.0
2013-05-26,35.0
2013-05-27,43.0
2013-05-28,68.0
2013-05-29,31.0
2013-05-30,22.0
2013-05-31,26.0
2013-06-01,54.0
2013-06-02,35.0
2013-06-03,36.0
2013-06-04,26.0
2013-06-05,19.0
2013-06-06,29.0
2013-06-07,35.0
2013-06-08,34.0
2013-06-09,31.0
2013-06-10,65.0
2013-06-11,49.0
2013-06-12,43.0
2013-06-13,48.0
2013-06-14,38.0
2013-06-15,46.0
2013-06-16,54.0
2013-06-17,56.0
2013-06-18,42.0
2013-06-19,37.0
2013-06-20,33.0
2013-06-21,27.0
2013-06-22,43.0
2013-06-23,44.0
2013-06-24,62.0
2013-06-25,49.0
2013-06-26,27.0
2013-06-27,47.0
2013-06-28,41.0
2013-06-29,51.0
2013-06-30,36.0
2013-07-01,76.0
2013-07-02,47.0
2013-07-03,38.0
2013-07-04,41.0
2013-07-05,34.0
2013-07-06,52.0
2013-07-07,41.0
2013-07-08,103.0
2013-07-09,44.0
2013-07-10,32.0
2013-07-11,32.0
2013-07-12,41.0
2013-07-13,38.0
2013-07-14,45.0
2013-07-15,60.0
2013-07-16,43.0
2013-07-17,43.0
2013-07-18,43.0
2013-07-19,42.0
2013-07-20,51.0
2013-07-21,55.0
2013-07-22,77.0
2013-07-23,48.0
2013-07-24,37.0
2013-07-25,44.0
2013-07-26,62.0
2013-07-27,53.0
2013-07-28,62.0
2013-07-29,82.0
2013-07-30,75.0
2013-07-31,52.0
2013-08-01,63.0
2013-08-02,52.0
2013-08-03,60.0
2013-08-04,48.0
2013-08-05,74.0
2013-08-06,86.0
2013-08-07,50.0
2013-08-08,47.0
2013-08-09,52.0
2013-08-10,54.0
2013-08-11,70.0
2013-08-12,91.0
2013-08-13,69.0
2013-08-14,49.0
2013-08-15,63.0
2013-08-16,58.0
2013-08-17,59.0
2013-08-18,56.0
2013-08-19,90.0
2013-08-20,45.0
2013-08-21,54.0
2013-08-22,55.0
2013-08-23,59.0
2013-08-24,57.0
2013-08-25,57.0
2013-08-26,76.0
2013-08-27,56.0
2013-08-28,67.0
2013-08-29,65.0
2013-08-30,53.0
2013-08-31,47.0
2013-09-01,54.0
2013-09-02,43.0
2013-09-03,54.0
2013-09-04,71.0
2013-09-05,76.0
2013-09-06,50.0
2013-09-07,42.0
2013-09-08,58.0
2013-09-09,56.0
2013-09-10,49.0
2013-09-11,49.0
2013-09-12,1.0
2013-09-13,67.0
2013-09-14,57.0
2013-09-15,53.0
2013-09-16,64.0
2013-09-17,58.0
2013-09-18,52.0
2013-09-19,41.0
2013-09-20,38.0
2013-09-21,44.0
2013-09-22,54.0
2013-09-23,81.0
2013-09-24,57.0
2013-09-25,33.0
2013-09-26,50.0
2013-09-27,46.0
2013-09-28,54.0
2013-09-29,50.0
2013-09-30,76.0
2013-10-01,70.0
2013-10-02,45.0
2013-10-03,43.0
2013-10-04,46.0
2013-10-05,55.0
2013-10-06,46.0
2013-10-07,83.0
2013-10-08,68.0
2013-10-09,43.0
2013-10-10,39.0
2013-10-11,42.0
2013-10-12,40.0
2013-10-13,47.0
2013-10-14,83.0
2013-10-15,79.0
2013-10-16,56.0
2013-10-17,35.0
2013-10-18,37.0
2013-10-19,52.0
2013-10-20,50.0
2013-10-21,91.0
2013-10-22,49.0
2013-10-23,42.0
2013-10-24,38.0
2013-10-25,38.0
2013-10-26,43.0
2013-10-27,36.0
2013-10-28,89.0
2013-10-29,39.0
2013-10-30,37.0
2013-10-31,24.0
2013-11-01,43.0
2013-11-02,57.0
2013-11-03,49.0
2013-11-04,51.0
2013-11-05,75.0
2013-11-06,32.0
2013-11-07,31.0
2013-11-08,37.0
2013-11-09,54.0
2013-11-10,39.0
2013-11-11,86.0
2013-11-12,73.0
2013-11-13,49.0
2013-11-14,34.0
2013-11-15,33.0
2013-11-16,41.0
2013-11-17,37.0
2013-11-18,83.0
2013-11-19,52.0
2013-11-20,29.0
2013-11-21,42.0
2013-11-22,27.0
2013-11-23,39.0
2013-11-24,36.0
2013-11-25,54.0
2013-11-26,45.0
2013-11-27,31.0
2013-11-28,34.0
2013-11-29,16.0
2013-11-30,52.0
2013-12-01,77.0
2013-12-02,73.0
2013-12-03,52.0
2013-12-04,34.0
2013-12-05,24.0
2013-12-06,32.0
2013-12-07,26.0
2013-12-08,34.0
2013-12-09,49.0
2013-12-10,39.0
2013-12-11,18.0
2013-12-12,39.0
2013-12-13,26.0
2013-12-14,41.0
2013-12-15,34.0
2013-12-16,57.0
2013-12-17,48.0
2013-12-18,31.0
2013-12-19,40.0
2013-12-20,35.0
2013-12-21,34.0
2013-12-22,30.0
2013-12-23,53.0
2013-12-24,46.0
2013-12-25,33.0
2013-12-26,17.0
2013-12-27,53.0
2013-12-28,59.0
2013-12-29,42.0
2013-12-30,65.0
2013-12-31,74.0
2014-01-01,52.0
2014-01-02,89.0
2014-01-03,116.0
2014-01-04,74.0
2014-01-05,58.0
2014-01-06,69.0
2014-01-07,54.0
2014-01-08,77.0
2014-01-09,54.0
2014-01-10,41.0
2014-01-11,48.0
2014-01-12,24.0
2014-01-13,70.0
2014-01-14,43.0
2014-01-15,39.0
2014-01-16,36.0
2014-01-17,45.0
2014-01-18,47.0
2014-01-19,35.0
2014-01-20,70.0
2014-01-21,95.0
2014-01-22,41.0
2014-01-23,46.0
2014-01-24,29.0
2014-01-25,42.0
2014-01-26,46.0
2014-01-27,78.0
2014-01-28,73.0
2014-01-29,47.0
2014-01-30,32.0
2014-01-31,42.0
2014-02-01,66.0
2014-02-02,50.0
2014-02-03,60.0
2014-02-04,53.0
2014-02-05,32.0
2014-02-06,38.0
2014-02-07,35.0
2014-02-08,49.0
2014-02-09,47.0
2014-02-10,73.0
2014-02-11,63.0
2014-02-12,40.0
2014-02-13,39.0
2014-02-14,42.0
2014-02-15,50.0
2014-02-16,60.0
2014-02-17,86.0
2014-02-18,94.0
2014-02-19,43.0
2014-02-20,40.0
2014-02-21,52.0
2014-02-22,56.0
2014-02-23,53.0
2014-02-24,95.0
2014-02-25,69.0
2014-02-26,33.0
2014-02-27,45.0
2014-02-28,48.0
2014-03-01,56.0
2014-03-02,45.0
2014-03-03,91.0
2014-03-04,65.0
2014-03-05,38.0
2014-03-06,47.0
2014-03-07,49.0
2014-03-08,44.0
2014-03-09,53.0
2014-03-10,85.0
2014-03-11,81.0
2014-03-12,51.0
2014-03-13,52.0
2014-03-14,55.0
2014-03-15,61.0
2014-03-16,74.0
2014-03-17,99.0
2014-03-18,66.0
2014-03-19,53.0
2014-03-20,58.0
2014-03-21,55.0
2014-03-22,62.0
2014-03-23,52.0
2014-03-24,96.0
2014-03-25,80.0
2014-03-26,44.0
2014-03-27,68.0
2014-03-28,65.0
2014-03-29,73.0
2014-03-30,58.0
2014-03-31,104.0
2014-04-01,110.0
2014-04-02,70.0
2014-04-03,45.0
2014-04-04,56.0
2014-04-05,67.0
2014-04-06,65.0
2014-04-07,98.0
2014-04-08,90.0
2014-04-09,59.0
2014-04-10,63.0
2014-04-11,72.0
2014-04-12,82.0
2014-04-13,51.0
2014-04-14,122.0
2014-04-15,67.0
2014-04-16,70.0
2014-04-17,81.0
2014-04-18,81.0
2014-04-19,88.0
2014-04-20,59.0
2014-04-21,93.0
2014-04-22,69.0
2014-04-23,49.0
2014-04-24,70.0
2014-04-25,65.0
2014-04-26,74.0
2014-04-27,73.0
2014-04-28,99.0
2014-04-29,95.0
2014-04-30,65.0
2014-05-01,81.0
2014-05-02,66.0
2014-05-03,63.0
2014-05-04,79.0
2014-05-05,120.0
2014-05-06,81.0
2014-05-07,62.0
2014-05-08,47.0
2014-05-09,64.0
2014-05-10,69.0
2014-05-11,62.0
2014-05-12,98.0
2014-05-13,88.0
2014-05-14,66.0
2014-05-15,62.0
2014-05-16,53.0
2014-05-17,65.0
2014-05-18,92.0
2014-05-19,124.0
2014-05-20,111.0
2014-05-21,81.0
2014-05-22,58.0
2014-05-23,76.0
2014-05-24,75.0
2014-05-25,77.0
2014-05-26,120.0
2014-05-27,162.0
2014-05-28,89.0
2014-05-29,70.0
2014-05-30,56.0
2014-05-31,83.0
2014-06-01,101.0
2014-06-02,135.0
2014-06-03,86.0
2014-06-04,82.0
2014-06-05,47.0
2014-06-06,66.0
2014-06-07,80.0
2014-06-08,73.0
2014-06-09,121.0
2014-06-10,132.0
2014-06-11,70.0
2014-06-12,73.0
2014-06-13,103.0
2014-06-14,100.0
2014-06-15,90.0
2014-06-16,146.0
2014-06-17,116.0
2014-06-18,76.0
2014-06-19,79.0
2014-06-20,76.0
2014-06-21,91.0
2014-06-22,98.0
2014-06-23,159.0
2014-06-24,108.0
2014-06-25,70.0
2014-06-26,68.0
2014-06-27,80.0
2014-06-28,98.0
2014-06-29,87.0
2014-06-30,137.0
2014-07-01,112.0
2014-07-02,75.0
2014-07-03,76.0
2014-07-04,99.0
2014-07-05,78.0
2014-07-06,112.0
2014-07-07,194.0
2014-07-08,114.0
2014-07-09,85.0
2014-07-10,89.0
2014-07-11,92.0
2014-07-12,96.0
2014-07-13,96.0
2014-07-14,158.0
2014-07-15,125.0
2014-07-16,107.0
2014-07-17,92.0
2014-07-18,94.0
2014-07-19,120.0
2014-07-20,117.0
2014-07-21,39.0
2014-07-22,259.0
2014-07-23,102.0
2014-07-24,133.0
2014-07-25,116.0
2014-07-26,126.0
2014-07-27,110.0
2014-07-28,184.0
2014-07-29,166.0
2014-07-30,113.0
2014-07-31,115.0
2014-08-01,172.0
2014-08-02,158.0
2014-08-03,155.0
2014-08-04,217.0
2014-08-05,185.0
2014-08-06,124.0
2014-08-07,143.0
2014-08-08,134.0
2014-08-09,167.0
2014-08-10,156.0
2014-08-11,230.0
2014-08-12,173.0
2014-08-13,136.0
2014-08-14,129.0
2014-08-15,133.0
2014-08-16,168.0
2014-08-17,146.0
2014-08-18,210.0
2014-08-19,167.0
2014-08-20,132.0
2014-08-21,138.0
2014-08-22,124.0
2014-08-23,135.0
2014-08-24,157.0
2014-08-25,248.0
2014-08-26,190.0
2014-08-27,134.0
2014-08-28,237.0
2014-08-29,65.0
2014-08-30,139.0
2014-08-31,152.0
2014-09-01,227.0
2014-09-02,198.0
2014-09-03,119.0
2014-09-04,103.0
2014-09-05,110.0
2014-09-06,118.0
2014-09-07,126.0
2014-09-08,145.0
2014-09-09,106.0
2014-09-10,92.0
2014-09-11,102.0
2014-09-12,113.0
2014-09-13,98.0
2014-09-14,149.0
2014-09-15,161.0
2014-09-16,115.0
2014-09-17,89.0
2014-09-18,111.0
2014-09-19,109.0
2014-09-20,138.0
2014-09-21,159.0
2014-09-22,156.0
2014-09-23,116.0
2014-09-24,117.0
2014-09-25,104.0
2014-09-26,129.0
2014-09-27,116.0
2014-09-28,166.0
2014-09-29,159.0
2014-09-30,139.0
2014-10-01,128.0
2014-10-02,105.0
2014-10-03,101.0
2014-10-04,132.0
2014-10-05,152.0
2014-10-06,146.0
2014-10-07,114.0
2014-10-08,114.0
2014-10-09,104.0
2014-10-10,124.0
2014-10-11,123.0
2014-10-12,172.0
2014-10-13,188.0
2014-10-14,131.0
2014-10-15,110.0
2014-10-16,111.0
2014-10-17,110.0
2014-10-18,135.0
2014-10-19,152.0
2014-10-20,165.0
2014-10-21,111.0
2014-10-22,101.0
2014-10-23,107.0
2014-10-24,98.0
2014-10-25,119.0
2014-10-26,185.0
2014-10-27,189.0
2014-10-28,132.0
2014-10-29,96.0
2014-10-30,81.0
2014-10-31,92.0
2014-11-01,142.0
2014-11-02,175.0
2014-11-03,171.0
2014-11-04,125.0
2014-11-05,97.0
2014-11-06,86.0
2014-11-07,97.0
2014-11-08,125.0
2014-11-09,137.0
2014-11-10,172.0
2014-11-11,139.0
2014-11-12,110.0
2014-11-13,95.0
2014-11-14,105.0
2014-11-15,102.0
2014-11-16,144.0
2014-11-17,157.0
2014-11-18,102.0
2014-11-19,74.0
2014-11-20,86.0
2014-11-21,104.0
2014-11-22,105.0
2014-11-23,126.0
2014-11-24,122.0
2014-11-25,89.0
2014-11-26,102.0
2014-11-27,80.0
2014-11-28,81.0
2014-11-29,123.0
2014-11-30,202.0
2014-12-01,152.0
2014-12-02,85.0
2014-12-03,68.0
2014-12-04,68.0
2014-12-05,56.0
2014-12-06,72.0
2014-12-07,114.0
2014-12-08,124.0
2014-12-09,68.0
2014-12-10,89.0
2014-12-11,87.0
2014-12-12,65.0
2014-12-13,73.0
2014-12-14,123.0
2014-12-15,114.0
2014-12-16,87.0
2014-12-17,74.0
2014-12-18,82.0
2014-12-19,77.0
2014-12-20,88.0
2014-12-21,112.0
2014-12-22,117.0
2014-12-23,104.0
2014-12-24,93.0
2014-12-25,77.0
2014-12-26,106.0
2014-12-27,130.0
2014-12-28,144.0
2014-12-29,164.0
2014-12-30,174.0
2014-12-31,157.0
2015-01-01,174.0
2015-01-02,243.0
2015-01-03,255.0
2015-01-04,207.0
2015-01-05,174.0
2015-01-06,114.0
2015-01-07,103.0
2015-01-08,101.0
2015-01-09,97.0
2015-01-10,118.0
2015-01-11,141.0
2015-01-12,132.0
2015-01-13,99.0
2015-01-14,97.0
2015-01-15,107.0
2015-01-16,105.0
2015-01-17,108.0
2015-01-18,173.0
2015-01-19,191.0
2015-01-20,153.0
2015-01-21,107.0
2015-01-22,112.0
2015-01-23,83.0
2015-01-24,104.0
2015-01-25,153.0
2015-01-26,140.0
2015-01-27,117.0
2015-01-28,99.0
2015-01-29,89.0
2015-01-30,92.0
2015-01-31,139.0
2015-02-01,188.0
2015-02-02,187.0
2015-02-03,106.0
2015-02-04,83.0
2015-02-05,105.0
2015-02-06,100.0
2015-02-07,132.0
2015-02-08,178.0
2015-02-09,180.0
2015-02-10,154.0
2015-02-11,116.0
2015-02-12,101.0
2015-02-13,127.0
2015-02-14,140.0
2015-02-15,215.0
2015-02-16,258.0
2015-02-17,230.0
2015-02-18,133.0
2015-02-19,130.0
2015-02-20,137.0
2015-02-21,148.0
2015-02-22,160.0
2015-02-23,238.0
2015-02-24,160.0
2015-02-25,127.0
2015-02-26,126.0
2015-02-27,128.0
2015-02-28,172.0
2015-03-01,225.0
2015-03-02,225.0
2015-03-03,157.0
2015-03-04,98.0
2015-03-05,111.0
2015-03-06,126.0
2015-03-07,133.0
2015-03-08,179.0
2015-03-09,197.0
2015-03-10,157.0
2015-03-11,134.0
2015-03-12,139.0
2015-03-13,163.0
2015-03-14,156.0
2015-03-15,221.0
2015-03-16,241.0
2015-03-17,180.0
2015-03-18,170.0
2015-03-19,145.0
2015-03-20,188.0
2015-03-21,161.0
2015-03-22,227.0
2015-03-23,253.0
2015-03-24,183.0
2015-03-25,147.0
2015-03-26,164.0
2015-03-27,176.0
2015-03-28,199.0
2015-03-29,229.0
2015-03-30,251.0
2015-03-31,187.0
2015-04-01,188.0
2015-04-02,171.0
2015-04-03,181.0
2015-04-04,187.0
2015-04-05,202.0
2015-04-06,234.0
2015-04-07,181.0
2015-04-08,166.0
2015-04-09,166.0
2015-04-10,193.0
2015-04-11,186.0
2015-04-12,227.0
2015-04-13,261.0
2015-04-14,177.0
2015-04-15,157.0
2015-04-16,146.0
2015-04-17,200.0
2015-04-18,175.0
2015-04-19,235.0
2015-04-20,256.0
2015-04-21,201.0
2015-04-22,154.0
2015-04-23,136.0
2015-04-24,153.0
2015-04-25,177.0
2015-04-26,189.0
2015-04-27,243.0
2015-04-28,166.0
2015-04-29,126.0
2015-04-30,150.0
2015-05-01,173.0
2015-05-02,185.0
2015-05-03,242.0
2015-05-04,246.0
2015-05-05,172.0
2015-05-06,148.0
2015-05-07,156.0
2015-05-08,165.0
2015-05-09,188.0
2015-05-10,211.0
2015-05-11,132.0
2015-05-12,286.0
2015-05-13,144.0
2015-05-14,151.0
2015-05-15,231.0
2015-05-16,206.0
2015-05-17,294.0
2015-05-18,107.0
2015-05-19,463.0
2015-05-20,194.0
2015-05-21,199.0
2015-05-22,196.0
2015-05-23,209.0
2015-05-24,216.0
2015-05-25,369.0
2015-05-26,316.0
2015-05-27,212.0
2015-05-28,157.0
2015-05-29,184.0
2015-05-30,185.0
2015-05-31,275.0
2015-06-01,288.0
2015-06-02,182.0
2015-06-03,152.0
2015-06-04,178.0
2015-06-05,188.0
2015-06-06,186.0
2015-06-07,233.0
2015-06-08,231.0
2015-06-09,259.0
2015-06-10,156.0
2015-06-11,189.0
2015-06-12,203.0
2015-06-13,224.0
2015-06-14,292.0
2015-06-15,375.0
2015-06-16,249.0
2015-06-17,241.0
2015-06-18,240.0
2015-06-19,297.0
2015-06-20,243.0
2015-06-21,293.0
2015-06-22,316.0
2015-06-23,232.0
2015-06-24,221.0
2015-06-25,221.0
2015-06-26,210.0
2015-06-27,258.0
2015-06-28,302.0
2015-06-29,341.0
2015-06-30,273.0
2015-07-01,242.0
2015-07-02,213.0
2015-07-03,231.0
2015-07-04,179.0
2015-07-05,367.0
2015-07-06,424.0
2015-07-07,252.0
2015-07-08,185.0
2015-07-09,237.0
2015-07-10,234.0
2015-07-11,245.0
2015-07-12,291.0
2015-07-13,321.0
2015-07-14,250.0
2015-07-15,247.0
2015-07-16,258.0
2015-07-17,260.0
2015-07-18,281.0
2015-07-19,325.0
2015-07-20,380.0
2015-07-21,259.0
2015-07-22,257.0
2015-07-23,263.0
2015-07-24,287.0
2015-07-25,251.0
2015-07-26,350.0
2015-07-27,412.0
2015-07-28,345.0
2015-07-29,271.0
2015-07-30,294.0
2015-07-31,316.0
2015-08-01,371.0
2015-08-02,394.0
2015-08-03,415.0
2015-08-04,338.0
2015-08-05,276.0
2015-08-06,1.0
2015-08-07,639.0
2015-08-08,300.0
2015-08-09,362.0
2015-08-10,410.0
2015-08-11,310.0
2015-08-12,298.0
2015-08-13,300.0
2015-08-14,329.0
2015-08-15,328.0
2015-08-16,397.0
2015-08-17,409.0
2015-08-18,311.0
2015-08-19,295.0
2015-08-20,285.0
2015-08-21,309.0
2015-08-22,295.0
2015-08-23,389.0
2015-08-24,419.0
2015-08-25,320.0
2015-08-26,265.0
2015-08-27,262.0
2015-08-28,259.0
2015-08-29,282.0
2015-08-30,328.0
2015-08-31,378.0
2015-09-01,336.0
2015-09-02,251.0
2015-09-03,203.0
2015-09-04,240.0
2015-09-05,241.0
2015-09-06,262.0
2015-09-07,452.0
2015-09-08,395.0
2015-09-09,220.0
2015-09-10,197.0
2015-09-11,215.0
2015-09-12,223.0
2015-09-13,322.0
2015-09-14,323.0
2015-09-15,245.0
2015-09-16,247.0
2015-09-17,207.0
2015-09-18,238.0
2015-09-19,129.0
2015-09-20,148.0
2015-09-21,782.0
2015-09-22,242.0
2015-09-23,222.0
2015-09-24,246.0
2015-09-25,254.0
2015-09-26,262.0
2015-09-27,311.0
2015-09-28,375.0
2015-09-29,314.0
2015-09-30,288.0
2015-10-01,275.0
2015-10-02,251.0
2015-10-03,255.0
2015-10-04,360.0
2015-10-05,405.0
2015-10-06,277.0
2015-10-07,251.0
2015-10-08,228.0
2015-10-09,255.0
2015-10-10,260.0
2015-10-11,401.0
2015-10-12,391.0
2015-10-13,300.0
2015-10-14,222.0
2015-10-15,248.0
2015-10-16,258.0
2015-10-17,250.0
2015-10-18,353.0
2015-10-19,377.0
2015-10-20,267.0
2015-10-21,205.0
2015-10-22,214.0
2015-10-23,4.0
2015-10-24,489.0
2015-10-25,379.0
2015-10-26,410.0
2015-10-27,292.0
2015-10-28,193.0
2015-10-29,201.0
2015-10-30,229.0
2015-10-31,261.0
2015-11-01,347.0
2015-11-02,355.0
2015-11-03,228.0
2015-11-04,183.0
2015-11-05,177.0
2015-11-06,197.0
2015-11-07,207.0
2015-11-08,305.0
2015-11-09,324.0
2015-11-10,239.0
2015-11-11,192.0
2015-11-12,183.0
2015-11-13,179.0
2015-11-14,214.0
2015-11-15,311.0
2015-11-16,326.0
2015-11-17,236.0
2015-11-18,201.0
2015-11-19,184.0
2015-11-20,179.0
2015-11-21,171.0
2015-11-22,297.0
2015-11-23,303.0
2015-11-24,3.0
2015-11-25,387.0
2015-11-26,2.0
2015-11-27,337.0
2015-11-28,267.0
2015-11-29,348.0
2015-11-30,4.0
2015-12-01,554.0
2015-12-02,132.0
2015-12-03,148.0
2015-12-04,165.0
2015-12-05,187.0
2015-12-06,243.0
2015-12-07,286.0
2015-12-08,205.0
2015-12-09,164.0
2015-12-10,180.0
2015-12-11,173.0
2015-12-12,225.0
2015-12-13,242.0
2015-12-14,246.0
2015-12-15,201.0
2015-12-16,193.0
2015-12-17,174.0
2015-12-18,186.0
2015-12-19,202.0
2015-12-20,215.0
2015-12-21,247.0
2015-12-22,267.0
2015-12-23,215.0
2015-12-24,227.0
2015-12-25,179.0
2015-12-26,229.0
2015-12-27,334.0
2015-12-28,323.0
2015-12-29,358.0
2015-12-30,350.0
2015-12-31,316.0
2016-01-01,409.0
2016-01-02,594.0
2016-01-03,561.0
2016-01-04,57.0
2016-01-05,612.0
2016-01-06,181.0
2016-01-07,218.0
2016-01-08,204.0
2016-01-09,226.0
2016-01-10,287.0
2016-01-11,301.0
2016-01-12,222.0
2016-01-13,183.0
2016-01-14,210.0
2016-01-15,237.0
2016-01-16,234.0
2016-01-17,314.0
2016-01-18,428.0
2016-01-19,356.0
2016-01-20,222.0
2016-01-21,207.0
2016-01-22,209.0
2016-01-23,247.0
2016-01-24,339.0
2016-01-25,343.0
2016-01-26,249.0
2016-01-27,232.0
2016-01-28,235.0
2016-01-29,270.0
2016-01-30,262.0
2016-01-31,400.0
2016-02-01,462.0
2016-02-02,306.0
2016-02-03,203.0
2016-02-04,240.0
2016-02-05,221.0
2016-02-06,276.0
2016-02-07,356.0
2016-02-08,361.0
2016-02-09,282.0
2016-02-10,228.0
2016-02-11,259.0
2016-02-12,290.0
2016-02-13,328.0
2016-02-14,480.0
2016-02-15,680.0
2016-02-16,446.0
2016-02-17,346.0
2016-02-18,300.0
2016-02-19,324.0
2016-02-20,355.0
2016-02-21,502.0
2016-02-22,413.0
2016-02-23,345.0
2016-02-24,254.0
2016-02-25,277.0
2016-02-26,304.0
2016-02-27,320.0
2016-02-28,471.0
2016-02-29,534.0
2016-03-01,336.0
2016-03-02,283.0
2016-03-03,272.0
2016-03-04,277.0
2016-03-05,320.0
2016-03-06,481.0
2016-03-07,44.0
2016-03-08,454.0
2016-03-09,337.0
2016-03-10,521.0
2016-03-11,284.0
2016-03-12,362.0
2016-03-13,462.0
2016-03-14,32.0
2016-03-15,464.0
2016-03-16,440.0
2016-03-17,532.0
2016-03-18,441.0
2016-03-19,391.0
2016-03-20,443.0
2016-03-21,120.0
2016-03-22,461.0
2016-03-23,486.0
2016-03-24,512.0
2016-03-25,532.0
2016-03-26,506.0
2016-03-27,414.0
2016-03-28,209.0
2016-03-29,267.0
2016-03-30,392.0
2016-03-31,294.0
2016-04-01,601.0
2016-04-02,524.0
2016-04-03,225.0
2016-04-04,439.0
2016-04-05,620.0
2016-04-06,510.0
2016-04-07,368.0
2016-04-08,375.0
2016-04-09,397.0
2016-04-10,494.0
2016-04-11,806.0
2016-04-12,331.0
2016-04-13,303.0
2016-04-14,379.0
2016-04-15,417.0
2016-04-16,379.0
2016-04-17,699.0
2016-04-18,436.0
2016-04-19,320.0
2016-04-20,345.0
2016-04-21,366.0
2016-04-22,384.0
2016-04-23,361.0
2016-04-24,567.0
2016-04-25,403.0
2016-04-26,286.0
2016-04-27,290.0
2016-04-28,305.0
2016-04-29,386.0
2016-04-30,470.0
2016-05-01,693.0
2016-05-02,460.0
2016-05-03,321.0
2016-05-04,556.0
2016-05-05,305.0
2016-05-06,369.0
2016-05-07,391.0
2016-05-08,643.0
2016-05-09,432.0
2016-05-10,323.0
2016-05-11,293.0
2016-05-12,321.0
2016-05-13,379.0
2016-05-14,462.0
2016-05-15,728.0
2016-05-16,577.0
2016-05-17,410.0
2016-05-18,318.0
2016-05-19,307.0
2016-05-20,402.0
2016-05-21,455.0
2016-05-22,609.0
2016-05-23,569.0
2016-05-24,437.0
2016-05-25,366.0
2016-05-26,354.0
2016-05-27,396.0
2016-05-28,451.0
2016-05-29,521.0
2016-05-30,756.0
2016-05-31,686.0
2016-06-01,380.0
2016-06-02,333.0
2016-06-03,364.0
2016-06-04,398.0
2016-06-05,561.0
2016-06-06,619.0
2016-06-07,440.0
2016-06-08,355.0
2016-06-09,385.0
2016-06-10,416.0
2016-06-11,444.0
2016-06-12,683.0
2016-06-13,702.0
2016-06-14,498.0
2016-06-15,416.0
2016-06-16,460.0
2016-06-17,527.0
2016-06-18,487.0
2016-06-19,579.0
2016-06-20,605.0
2016-06-21,422.0
2016-06-22,366.0
2016-06-23,406.0
2016-06-24,434.0
2016-06-25,510.0
2016-06-26,646.0
2016-06-27,669.0
2016-06-28,525.0
2016-06-29,458.0
2016-06-30,486.0
2016-07-01,486.0
2016-07-02,476.0
2016-07-03,517.0
2016-07-04,721.0
2016-07-05,776.0
2016-07-06,537.0
2016-07-07,425.0
2016-07-08,430.0
2016-07-09,471.0
2016-07-10,629.0
2016-07-11,645.0
2016-07-12,477.0
2016-07-13,436.0
2016-07-14,447.0
2016-07-15,509.0
2016-07-16,533.0
2016-07-17,701.0
2016-07-18,666.0
2016-07-19,557.0
2016-07-20,454.0
2016-07-21,448.0
2016-07-22,512.0
2016-07-23,538.0
2016-07-24,682.0
2016-07-25,822.0
2016-07-26,587.0
2016-07-27,484.0
2016-07-28,564.0
2016-07-29,609.0
2016-07-30,572.0
2016-07-31,827.0
2016-08-01,888.0
2016-08-02,653.0
2016-08-03,485.0
2016-08-04,526.0
2016-08-05,584.0
2016-08-06,587.0
2016-08-07,761.0
2016-08-08,730.0
2016-08-09,626.0
2016-08-10,563.0
2016-08-11,570.0
2016-08-12,615.0
2016-08-13,643.0
2016-08-14,845.0
2016-08-15,763.0
2016-08-16,546.0
2016-08-17,597.0
2016-08-18,600.0
2016-08-19,588.0
2016-08-20,682.0
2016-08-21,883.0
2016-08-22,750.0
2016-08-23,577.0
2016-08-24,522.0
2016-08-25,550.0
2016-08-26,534.0
2016-08-27,612.0
2016-08-28,760.0
2016-08-29,805.0
2016-08-30,560.0
2016-08-31,526.0
2016-09-01,495.0
2016-09-02,464.0
2016-09-03,528.0
2016-09-04,619.0
2016-09-05,961.0
2016-09-06,728.0
2016-09-07,481.0
2016-09-08,406.0
2016-09-09,454.0
2016-09-10,480.0
2016-09-11,768.0
2016-09-12,616.0
2016-09-13,503.0
2016-09-14,458.0
2016-09-15,499.0
2016-09-16,570.0
2016-09-17,535.0
2016-09-18,819.0
2016-09-19,675.0
2016-09-20,531.0
2016-09-21,482.0
2016-09-22,462.0
2016-09-23,529.0
2016-09-24,521.0
2016-09-25,892.0
2016-09-26,704.0
2016-09-27,463.0
2016-09-28,428.0
2016-09-29,489.0
2016-09-30,564.0
2016-10-01,514.0
2016-10-02,806.0
2016-10-03,635.0
2016-10-04,514.0
2016-10-05,465.0
2016-10-06,460.0
2016-10-07,577.0
2016-10-08,520.0
2016-10-09,882.0
2016-10-10,691.0
2016-10-11,509.0
2016-10-12,441.0
2016-10-13,452.0
2016-10-14,539.0
2016-10-15,525.0
2016-10-16,948.0
2016-10-17,602.0
2016-10-18,435.0
2016-10-19,409.0
2016-10-20,406.0
2016-10-21,470.0
2016-10-22,451.0
2016-10-23,927.0
2016-10-24,692.0
2016-10-25,417.0
2016-10-26,391.0
2016-10-27,385.0
2016-10-28,515.0
2016-10-29,418.0
2016-10-30,860.0
2016-10-31,568.0
2016-11-01,452.0
2016-11-02,392.0
2016-11-03,402.0
2016-11-04,469.0
2016-11-05,477.0
2016-11-06,891.0
2016-11-07,712.0
2016-11-08,390.0
2016-11-09,366.0
2016-11-10,353.0
2016-11-11,461.0
2016-11-12,462.0
2016-11-13,861.0
2016-11-14,765.0
2016-11-15,446.0
2016-11-16,391.0
2016-11-17,410.0
2016-11-18,402.0
2016-11-19,447.0
2016-11-20,1039.0
2016-11-21,640.0
2016-11-22,382.0
2016-11-23,396.0
2016-11-24,284.0
2016-11-25,443.0
2016-11-26,632.0
2016-11-27,780.0
2016-11-28,434.0
2016-11-29,279.0
2016-11-30,346.0
2016-12-01,265.0
2016-12-02,296.0
2016-12-03,314.0
2016-12-04,610.0
2016-12-05,422.0
2016-12-06,260.0
2016-12-07,279.0
2016-12-08,290.0
2016-12-09,377.0
2016-12-10,346.0
2016-12-11,667.0
2016-12-12,494.0
2016-12-13,319.0
2016-12-14,301.0
2016-12-15,294.0
2016-12-16,380.0
2016-12-17,317.0
2016-12-18,559.0
2016-12-19,424.0
2016-12-20,409.0
2016-12-21,369.0
2016-12-22,384.0
2016-12-23,440.0
2016-12-24,366.0
2016-12-25,315.0
2016-12-26,602.0
2016-12-27,554.0
2016-12-28,535.0
2016-12-29,595.0
2016-12-30,646.0
2016-12-31,598.0
2017-01-01,934.0
2017-01-02,995.0
2017-01-03,736.0
2017-01-04,535.0
2017-01-05,478.0
2017-01-06,463.0
2017-01-07,434.0
2017-01-08,648.0
2017-01-09,500.0
2017-01-10,374.0
2017-01-11,367.0
2017-01-12,389.0
2017-01-13,505.0
2017-01-14,502.0
2017-01-15,788.0
2017-01-16,784.0
2017-01-17,470.0
2017-01-18,419.0
2017-01-19,425.0
2017-01-20,513.0
2017-01-21,458.0
2017-01-22,859.0
2017-01-23,558.0
2017-01-24,394.0
2017-01-25,429.0
2017-01-26,398.0
2017-01-27,466.0
2017-01-28,432.0
2017-01-29,901.0
2017-01-30,593.0
2017-01-31,557.0
2017-02-01,439.0
2017-02-02,412.0
2017-02-03,510.0
2017-02-04,461.0
2017-02-05,800.0
2017-02-06,588.0
2017-02-07,387.0
2017-02-08,406.0
2017-02-09,403.0
2017-02-10,552.0
2017-02-11,490.0
2017-02-12,953.0
2017-02-13,822.0
2017-02-14,479.0
2017-02-15,577.0
2017-02-16,451.0
2017-02-17,509.0
2017-02-18,560.0
2017-02-19,861.0
2017-02-20,1093.0
2017-02-21,576.0
2017-02-22,495.0
2017-02-23,480.0
2017-02-24,576.0
2017-02-25,594.0
2017-02-26,963.0
2017-02-27,739.0
2017-02-28,599.0
2017-03-01,472.0
2017-03-02,467.0
2017-03-03,528.0
2017-03-04,509.0
2017-03-05,949.0
2017-03-06,667.0
2017-03-07,501.0
2017-03-08,539.0
2017-03-09,544.0
2017-03-10,637.0
2017-03-11,697.0
2017-03-12,1015.0
2017-03-13,768.0
2017-03-14,601.0
2017-03-15,676.0
2017-03-16,655.0
2017-03-17,757.0
2017-03-18,682.0
2017-03-19,1128.0
2017-03-20,829.0
2017-03-21,656.0
2017-03-22,631.0
2017-03-23,684.0
2017-03-24,701.0
2017-03-25,709.0
2017-03-26,1179.0
2017-03-27,910.0
2017-03-28,609.0
2017-03-29,614.0
2017-03-30,572.0
2017-03-31,815.0
2017-04-01,747.0
2017-04-02,1176.0
2017-04-03,723.0
2017-04-04,611.0
2017-04-05,570.0
2017-04-06,562.0
2017-04-07,689.0
2017-04-08,651.0
2017-04-09,1136.0
2017-04-10,825.0
2017-04-11,636.0
2017-04-12,649.0
2017-04-13,729.0
2017-04-14,808.0
2017-04-15,719.0
2017-04-16,1137.0
2017-04-17,729.0
2017-04-18,601.0
2017-04-19,554.0
2017-04-20,650.0
2017-04-21,799.0
2017-04-22,714.0
2017-04-23,1201.0
2017-04-24,810.0
2017-04-25,628.0
2017-04-26,594.0
2017-04-27,612.0
2017-04-28,680.0
2017-04-29,674.0
2017-04-30,1343.0
2017-05-01,1006.0
2017-05-02,645.0
2017-05-03,575.0
2017-05-04,580.0
2017-05-05,687.0
2017-05-06,664.0
2017-05-07,1162.0
2017-05-08,855.0
2017-05-09,635.0
2017-05-10,602.0
2017-05-11,542.0
2017-05-12,638.0
2017-05-13,784.0
2017-05-14,1197.0
2017-05-15,826.0
2017-05-16,609.0
2017-05-17,604.0
2017-05-18,572.0
2017-05-19,689.0
2017-05-20,786.0
2017-05-21,1350.0
2017-05-22,1036.0
2017-05-23,727.0
2017-05-24,678.0
2017-05-25,684.0
2017-05-26,681.0
2017-05-27,791.0
2017-05-28,1063.0
2017-05-29,1556.0
2017-05-30,802.0
2017-05-31,711.0
2017-06-01,602.0
2017-06-02,741.0
2017-06-03,765.0
2017-06-04,1175.0
2017-06-05,866.0
2017-06-06,673.0
2017-06-07,662.0
2017-06-08,642.0
2017-06-09,726.0
2017-06-10,794.0
2017-06-11,1270.0
2017-06-12,975.0
2017-06-13,729.0
2017-06-14,763.0
2017-06-15,949.0
2017-06-16,1136.0
2017-06-17,928.0
2017-06-18,1314.0
2017-06-19,894.0
2017-06-20,723.0
2017-06-21,741.0
2017-06-22,754.0
2017-06-23,886.0
2017-06-24,822.0
2017-06-25,1387.0
2017-06-26,712.0
2017-06-27,475.0
2017-06-28,726.0
2017-06-29,765.0
2017-06-30,764.0
2017-07-01,1297.0
2017-07-02,988.0
2017-07-03,1441.0
2017-07-04,1316.0
2017-07-05,1102.0
2017-07-06,628.0
2017-07-07,763.0
2017-07-08,774.0
2017-07-09,1172.0
2017-07-10,868.0
2017-07-11,701.0
2017-07-12,706.0
2017-07-13,773.0
2017-07-14,906.0
2017-07-15,949.0
2017-07-16,1421.0
2017-07-17,1154.0
2017-07-18,828.0
2017-07-19,768.0
2017-07-20,832.0
2017-07-21,958.0
2017-07-22,928.0
2017-07-23,1449.0
2017-07-24,1320.0
2017-07-25,849.0
2017-07-26,792.0
2017-07-27,890.0
2017-07-28,1003.0
2017-07-29,984.0
2017-07-30,1531.0
2017-07-31,1216.0
2017-08-01,903.0
2017-08-02,790.0
2017-08-03,845.0
2017-08-04,1014.0
2017-08-05,932.0
2017-08-06,1455.0
2017-08-07,1169.0
2017-08-08,897.0
2017-08-09,706.0
2017-08-10,1118.0
2017-08-11,1024.0
2017-08-12,1006.0
2017-08-13,1515.0
2017-08-14,1180.0
2017-08-15,981.0
2017-08-16,959.0
2017-08-17,925.0
2017-08-18,1068.0
2017-08-19,993.0
2017-08-20,1544.0
2017-08-21,1164.0
2017-08-22,810.0
2017-08-23,837.0
2017-08-24,769.0
2017-08-25,899.0
2017-08-26,917.0
2017-08-27,1415.0
2017-08-28,1048.0
2017-08-29,737.0
2017-08-30,737.0
2017-08-31,811.0
2017-09-01,852.0
2017-09-02,800.0
2017-09-03,1106.0
2017-09-04,1740.0
2017-09-05,879.0
2017-09-06,676.0
2017-09-07,607.0
2017-09-08,735.0
2017-09-09,803.0
2017-09-10,1241.0
2017-09-11,1019.0
2017-09-12,730.0
2017-09-13,727.0
2017-09-14,712.0
2017-09-15,909.0
2017-09-16,879.0
2017-09-17,1567.0
2017-09-18,1042.0
2017-09-19,802.0
2017-09-20,771.0
2017-09-21,739.0
2017-09-22,866.0
2017-09-23,888.0
2017-09-24,1521.0
2017-09-25,1053.0
2017-09-26,770.0
2017-09-27,690.0
2017-09-28,705.0
2017-09-29,795.0
2017-09-30,944.0
2017-10-01,1434.0
2017-10-02,1020.0
2017-10-03,697.0
2017-10-04,787.0
2017-10-05,833.0
2017-10-06,942.0
2017-10-07,973.0
2017-10-08,1665.0
2017-10-09,1206.0
2017-10-10,834.0
2017-10-11,760.0
2017-10-12,756.0
2017-10-13,946.0
2017-10-14,880.0
2017-10-15,1684.0
2017-10-16,1121.0
2017-10-17,708.0
2017-10-18,658.0
2017-10-19,649.0
2017-10-20,653.0
2017-10-21,697.0
2017-10-22,1451.0
2017-10-23,1094.0
2017-10-24,646.0
2017-10-25,626.0
2017-10-26,601.0
2017-10-27,720.0
2017-10-28,723.0
2017-10-29,1364.0
2017-10-30,1261.0
2017-10-31,631.0
2017-11-01,636.0
2017-11-02,549.0
2017-11-03,647.0
2017-11-04,724.0
2017-11-05,1352.0
2017-11-06,981.0
2017-11-07,678.0
2017-11-08,597.0
2017-11-09,588.0
2017-11-10,698.0
2017-11-11,778.0
2017-11-12,1615.0
2017-11-13,934.0
2017-11-14,589.0
2017-11-15,529.0
2017-11-16,510.0
2017-11-17,633.0
2017-11-18,662.0
2017-11-19,1173.0
2017-11-20,863.0
2017-11-21,539.0
2017-11-22,703.0
2017-11-23,545.0
2017-11-24,748.0
2017-11-25,1109.0
2017-11-26,1359.0
2017-11-27,716.0
2017-11-28,510.0
2017-11-29,399.0
2017-11-30,521.0
2017-12-01,560.0
2017-12-02,536.0
2017-12-03,1045.0
2017-12-04,690.0
2017-12-05,484.0
2017-12-06,513.0
2017-12-07,501.0
2017-12-08,674.0
2017-12-09,754.0
2017-12-10,1307.0
2017-12-11,907.0
2017-12-12,611.0
2017-12-13,538.0
2017-12-14,551.0
2017-12-15,614.0
2017-12-16,638.0
2017-12-17,1074.0
2017-12-18,795.0
2017-12-19,645.0
2017-12-20,631.0
2017-12-21,632.0
2017-12-22,744.0
2017-12-23,748.0
2017-12-24,691.0
2017-12-25,610.0
2017-12-26,928.0
2017-12-27,922.0
2017-12-28,961.0
2017-12-29,1025.0
2017-12-30,1167.0
2017-12-31,1042.0
2018-01-01,1856.0
2018-01-02,1704.0
2018-01-03,965.0
2018-01-04,829.0
2018-01-05,899.0
2018-01-06,789.0
2018-01-07,952.0
2018-01-08,762.0
2018-01-09,569.0
2018-01-10,555.0
2018-01-11,621.0
2018-01-12,798.0
2018-01-13,739.0
2018-01-14,1196.0
2018-01-15,1339.0
2018-01-16,813.0
2018-01-17,661.0
2018-01-18,635.0
2018-01-19,753.0
2018-01-20,781.0
2018-01-21,1318.0
2018-01-22,985.0
2018-01-23,604.0
2018-01-24,683.0
2018-01-25,701.0
2018-01-26,819.0
2018-01-27,782.0
2018-01-28,1422.0
2018-01-29,980.0
2018-01-30,679.0
2018-01-31,765.0
2018-02-01,648.0
2018-02-02,663.0
2018-02-03,764.0
2018-02-04,1237.0
2018-02-05,916.0
2018-02-06,600.0
2018-02-07,657.0
2018-02-08,680.0
2018-02-09,699.0
2018-02-10,819.0
2018-02-11,1455.0
2018-02-12,1107.0
2018-02-13,793.0
2018-02-14,761.0
2018-02-15,979.0
2018-02-16,1074.0
2018-02-17,1064.0
2018-02-18,1715.0
2018-02-19,2153.0
2018-02-20,1053.0
2018-02-21,894.0
2018-02-22,873.0
2018-02-23,1056.0
2018-02-24,1063.0
2018-02-25,1694.0
2018-02-26,1176.0
2018-02-27,850.0
2018-02-28,930.0
2018-03-01,774.0
2018-03-02,883.0
2018-03-03,971.0
2018-03-04,1547.0
2018-03-05,1199.0
2018-03-06,890.0
2018-03-07,934.0
2018-03-08,948.0
2018-03-09,1278.0
2018-03-10,1159.0
2018-03-11,1736.0
2018-03-12,1241.0
2018-03-13,867.0
2018-03-14,1029.0
2018-03-15,1019.0
2018-03-16,1209.0
2018-03-17,1161.0
2018-03-18,1730.0
2018-03-19,1239.0
2018-03-20,927.0
2018-03-21,947.0
2018-03-22,903.0
2018-03-23,1036.0
2018-03-24,1032.0
2018-03-25,1639.0
2018-03-26,1294.0
2018-03-27,1046.0
2018-03-28,1171.0
2018-03-29,1091.0
2018-03-30,1271.0
2018-03-31,1412.0
2018-04-01,1863.0
2018-04-02,1203.0
2018-04-03,954.0
2018-04-04,913.0
2018-04-05,968.0
2018-04-06,1083.0
2018-04-07,1123.0
2018-04-08,1739.0
2018-04-09,1187.0
2018-04-10,858.0
2018-04-11,816.0
2018-04-12,961.0
2018-04-13,1082.0
2018-04-14,991.0
2018-04-15,1829.0
2018-04-16,1153.0
2018-04-17,920.0
2018-04-18,904.0
2018-04-19,1010.0
2018-04-20,1108.0
2018-04-21,1136.0
2018-04-22,1999.0
2018-04-23,1375.0
2018-04-24,1108.0
2018-04-25,982.0
2018-04-26,952.0
2018-04-27,1173.0
2018-04-28,1150.0
2018-04-29,2091.0
2018-04-30,546.0
2018-05-01,1197.0
2018-05-02,1027.0
2018-05-03,865.0
2018-05-04,1894.0
2018-05-05,1074.0
2018-05-06,1982.0
2018-05-07,1337.0
2018-05-08,939.0
2018-05-09,872.0
2018-05-10,909.0
2018-05-11,1028.0
2018-05-12,1181.0
2018-05-13,1841.0
2018-05-14,1372.0
2018-05-15,994.0
2018-05-16,890.0
2018-05-17,866.0
2018-05-18,1089.0
2018-05-19,1274.0
2018-05-20,2028.0
2018-05-21,1480.0
2018-05-22,1149.0
2018-05-23,1087.0
2018-05-24,997.0
2018-05-25,1134.0
2018-05-26,1215.0
2018-05-27,1606.0
2018-05-28,2520.0
2018-05-29,1303.0
2018-05-30,1018.0
2018-05-31,1067.0
2018-06-01,1111.0
2018-06-02,1043.0
2018-06-03,1698.0
2018-06-04,1341.0
2018-06-05,950.0
2018-06-06,1032.0
2018-06-07,962.0
2018-06-08,1102.0
2018-06-09,1207.0
2018-06-10,2012.0
2018-06-11,1556.0
2018-06-12,1150.0
2018-06-13,1172.0
2018-06-14,1365.0
2018-06-15,1659.0
2018-06-16,1410.0
2018-06-17,2195.0
2018-06-18,1531.0
2018-06-19,1160.0
2018-06-20,1103.0
2018-06-21,1148.0
2018-06-22,1342.0
2018-06-23,1304.0
2018-06-24,2114.0
2018-06-25,1801.0
2018-06-26,1253.0
2018-06-27,1219.0
2018-06-28,1216.0
2018-06-29,1346.0
2018-06-30,1432.0
2018-07-01,2003.0
2018-07-02,1349.0
2018-07-03,1099.0
2018-07-04,1039.0
2018-07-05,1336.0
2018-07-06,1177.0
2018-07-07,1377.0
2018-07-08,2560.0
2018-07-09,1583.0
2018-07-10,1104.0
2018-07-11,1101.0
2018-07-12,1048.0
2018-07-13,1315.0
2018-07-14,1290.0
2018-07-15,2278.0
2018-07-16,1585.0
2018-07-17,1280.0
2018-07-18,1306.0
2018-07-19,1260.0
2018-07-20,1525.0
2018-07-21,1437.0
2018-07-22,2262.0
2018-07-23,1597.0
2018-07-24,1263.0
2018-07-25,1350.0
2018-07-26,1266.0
2018-07-27,1544.0
2018-07-28,1438.0
2018-07-29,2422.0
2018-07-30,1715.0
2018-07-31,1564.0
2018-08-01,1380.0
2018-08-02,1241.0
2018-08-03,1466.0
2018-08-04,1531.0
2018-08-05,2280.0
2018-08-06,1846.0
2018-08-07,1356.0
2018-08-08,1368.0
2018-08-09,1390.0
2018-08-10,1634.0
2018-08-11,1509.0
2018-08-12,2277.0
2018-08-13,1845.0
2018-08-14,1358.0
2018-08-15,1469.0
2018-08-16,1399.0
2018-08-17,1535.0
2018-08-18,1594.0
2018-08-19,2458.0
2018-08-20,1744.0
2018-08-21,1326.0
2018-08-22,1336.0
2018-08-23,1310.0
2018-08-24,1496.0
2018-08-25,1477.0
2018-08-26,2276.0
2018-08-27,1674.0
2018-08-28,1251.0
2018-08-29,1154.0
2018-08-30,1177.0
2018-08-31,1463.0
2018-09-01,1367.0
2018-09-02,1833.0
2018-09-03,2722.0
2018-09-04,1374.0
2018-09-05,1090.0
2018-09-06,983.0
2018-09-07,1163.0
2018-09-08,1222.0
2018-09-09,1964.0
2018-09-10,1488.0
2018-09-11,1163.0
2018-09-12,1125.0
2018-09-13,1066.0
2018-09-14,1420.0
2018-09-15,1476.0
2018-09-16,2202.0
2018-09-17,1587.0
2018-09-18,1179.0
2018-09-19,1117.0
2018-09-20,1177.0
2018-09-21,1303.0
2018-09-22,1444.0
2018-09-23,2535.0
2018-09-24,1797.0
2018-09-25,1266.0
2018-09-26,1228.0
2018-09-27,1246.0
2018-09-28,1427.0
2018-09-29,1428.0
2018-09-30,2585.0
2018-10-01,1661.0
2018-10-02,1109.0
2018-10-03,1077.0
2018-10-04,1157.0
2018-10-05,1354.0
2018-10-06,1414.0
2018-10-07,2481.0
2018-10-08,1907.0
2018-10-09,1236.0
2018-10-10,1216.0
2018-10-11,1157.0
2018-10-12,1351.0
2018-10-13,1389.0
2018-10-14,2656.0
2018-10-15,1799.0
2018-10-16,1169.0
2018-10-17,1277.0
2018-10-18,1208.0
2018-10-19,1371.0
2018-10-20,1437.0
2018-10-21,2743.0
2018-10-22,1782.0
2018-10-23,1174.0
2018-10-24,1093.0
2018-10-25,1158.0
2018-10-26,1341.0
2018-10-27,1429.0
2018-10-28,2832.0
2018-10-29,1908.0
2018-10-30,1030.0
2018-10-31,1039.0
2018-11-01,1260.0
2018-11-02,1224.0
2018-11-03,1321.0
2018-11-04,2355.0
2018-11-05,2061.0
2018-11-06,1194.0
2018-11-07,1081.0
2018-11-08,1078.0
2018-11-09,1291.0
2018-11-10,1338.0
2018-11-11,2100.0
2018-11-12,3013.0
2018-11-13,1352.0
2018-11-14,1036.0
2018-11-15,1065.0
2018-11-16,1120.0
2018-11-17,1169.0
2018-11-18,2032.0
2018-11-19,1428.0
2018-11-20,1089.0
2018-11-21,1124.0
2018-11-22,832.0
2018-11-23,1215.0
2018-11-24,1777.0
2018-11-25,2240.0
2018-11-26,1250.0
2018-11-27,844.0
2018-11-28,736.0
2018-11-29,738.0
2018-11-30,1182.0
2018-12-01,1082.0
2018-12-02,1998.0
2018-12-03,1337.0
2018-12-04,888.0
2018-12-05,893.0
2018-12-06,878.0
2018-12-07,1035.0
2018-12-08,1129.0
2018-12-09,1922.0
2018-12-10,1244.0
2018-12-11,850.0
2018-12-12,773.0
2018-12-13,832.0
2018-12-14,1060.0
2018-12-15,1150.0
2018-12-16,2421.0
2018-12-17,1594.0
2018-12-18,1013.0
2018-12-19,1001.0
2018-12-20,973.0
2018-12-21,1042.0
2018-12-22,1203.0
2018-12-23,1416.0
2018-12-24,1132.0
2018-12-25,1151.0
2018-12-26,1647.0
2018-12-27,1470.0
2018-12-28,1658.0
2018-12-29,1669.0
2018-12-30,2068.0
2018-12-31,1753.0
2019-01-01,2778.0
2019-01-02,2449.0
2019-01-03,1686.0
2019-01-04,1458.0
2019-01-05,1493.0
2019-01-06,1871.0
2019-01-07,1178.0
2019-01-08,942.0
2019-01-09,914.0
2019-01-10,1076.0
2019-01-11,1166.0
2019-01-12,1166.0
2019-01-13,2125.0
2019-01-14,1444.0
2019-01-15,1090.0
2019-01-16,947.0
2019-01-17,1095.0
2019-01-18,1283.0
2019-01-19,1276.0
2019-01-20,2146.0
2019-01-21,2377.0
2019-01-22,1345.0
2019-01-23,1060.0
2019-01-24,1047.0
2019-01-25,1304.0
2019-01-26,1297.0
2019-01-27,2408.0
2019-01-28,1695.0
2019-01-29,1106.0
2019-01-30,1136.0
2019-01-31,1333.0
2019-02-01,1385.0
2019-02-02,1260.0
2019-02-03,2030.0
2019-02-04,1502.0
2019-02-05,1089.0
2019-02-06,1116.0
2019-02-07,1203.0
2019-02-08,1448.0
2019-02-09,1481.0
2019-02-10,2658.0
2019-02-11,2073.0
2019-02-12,1268.0
2019-02-13,1201.0
2019-02-14,1214.0
2019-02-15,1674.0
2019-02-16,1540.0
2019-02-17,2519.0
2019-02-18,2750.0
2019-02-19,1487.0
2019-02-20,1277.0
2019-02-21,1255.0
2019-02-22,1664.0
2019-02-23,1559.0
2019-02-24,2640.0
2019-02-25,2004.0
2019-02-26,1420.0
2019-02-27,1139.0
2019-02-28,1423.0
2019-03-01,1476.0
2019-03-02,1524.0
2019-03-03,2450.0
2019-03-04,1958.0
2019-03-05,1327.0
2019-03-06,1388.0
2019-03-07,1405.0
2019-03-08,1772.0
2019-03-09,1717.0
2019-03-10,2774.0
2019-03-11,1956.0
2019-03-12,1515.0
2019-03-13,1771.0
2019-03-14,1645.0
2019-03-15,1809.0
2019-03-16,1782.0
2019-03-17,2914.0
2019-03-18,2287.0
2019-03-19,1549.0
2019-03-20,1611.0
2019-03-21,1644.0
2019-03-22,1859.0
2019-03-23,1782.0
2019-03-24,2892.0
2019-03-25,2294.0
2019-03-26,1744.0
2019-03-27,1624.0
2019-03-28,1667.0
2019-03-29,1849.0
2019-03-30,1681.0
2019-03-31,3196.0
2019-04-01,2123.0
2019-04-02,1392.0
2019-04-03,1446.0
2019-04-04,1417.0
2019-04-05,1683.0
2019-04-06,1760.0
2019-04-07,3080.0
2019-04-08,2085.0
2019-04-09,1389.0
2019-04-10,1413.0
2019-04-11,1583.0
2019-04-12,1608.0
2019-04-13,1500.0
2019-04-14,3053.0
2019-04-15,2446.0
2019-04-16,1806.0
2019-04-17,1700.0
2019-04-18,2012.0
2019-04-19,2044.0
2019-04-20,1886.0
2019-04-21,3106.0
2019-04-22,2100.0
2019-04-23,1728.0
2019-04-24,1560.0
2019-04-25,1551.0
2019-04-26,1916.0
2019-04-27,1932.0
2019-04-28,3228.0
2019-04-29,2297.0
2019-04-30,1965.0
2019-05-01,1575.0
2019-05-02,1455.0
2019-05-03,1771.0
2019-05-04,1888.0
2019-05-05,3630.0
2019-05-06,3022.0
2019-05-07,1825.0
2019-05-08,1572.0
2019-05-09,1456.0
2019-05-10,1770.0
2019-05-11,1978.0
2019-05-12,3072.0
2019-05-13,2177.0
2019-05-14,1665.0
2019-05-15,1491.0
2019-05-16,1514.0
2019-05-17,1774.0
2019-05-18,1886.0
2019-05-19,3263.0
2019-05-20,2398.0
2019-05-21,1675.0
2019-05-22,1663.0
2019-05-23,1516.0
2019-05-24,1841.0
2019-05-25,1813.0
2019-05-26,2757.0
2019-05-27,3876.0
2019-05-28,2011.0
2019-05-29,1591.0
2019-05-30,1414.0
2019-05-31,1837.0
2019-06-01,1812.0
2019-06-02,2823.0
2019-06-03,2110.0
2019-06-04,1683.0
2019-06-05,1820.0
2019-06-06,1620.0
2019-06-07,1903.0
2019-06-08,1872.0
2019-06-09,3073.0
2019-06-10,2597.0
2019-06-11,1745.0
2019-06-12,1914.0
2019-06-13,2043.0
2019-06-14,2548.0
2019-06-15,2340.0
2019-06-16,3538.0
2019-06-17,2283.0
2019-06-18,1848.0
2019-06-19,1794.0
2019-06-20,1911.0
2019-06-21,2280.0
2019-06-22,2022.0
2019-06-23,3415.0
2019-06-24,2601.0
2019-06-25,1339.0
2019-06-26,1215.0
2019-06-27,1138.0
2019-06-28,1246.0
2019-06-29,1189.0
2019-06-30,2134.0
2019-07-01,1429.0
2019-07-02,978.0
2019-07-03,923.0
2019-07-04,726.0
2019-07-05,981.0
2019-07-06,954.0
2019-07-07,1524.0
2019-07-08,370.0
2019-07-09,1.0
